Titulo,Precio,Condicion,Marca,Link
"Colchón La Cardeuse King Memory Foam",341894,"Nuevo","La Cardeuse","https://articulo.mercadolibre.com.ar/MLA-1000001"
"Colchón PIERO King Memory Foam",314170,"Usado","PIERO","https://articulo.mercadolibre.com.ar/MLA-1000002"
"Colchón cannon 1 Plaza Memory Foam",438905,"Nuevo","cannon","https://articulo.mercadolibre.com.ar/MLA-1000003"
"Colchón Cannon 1 Plaza Ortopédico",179931,"Usado","Cannon","https://articulo.mercadolibre.com.ar/MLA-1000004"
"Colchón La Cardeuse 2 Plazas Resortes",806231,"Nuevo","La Cardeuse","https://articulo.mercadolibre.com.ar/MLA-1000005"
"Colchón Suavestar 2 Plazas Ortopédico",648798,"Nuevo","Suavestar","https://articulo.mercadolibre.com.ar/MLA-1000006"
"Colchón Suavestar 2 Plazas Resortes",246367,"Nuevo","Suavestar","https://articulo.mercadolibre.com.ar/MLA-1000007"
"Colchón La Cardeuse King Resortes",400790,"Nuevo","La Cardeuse","https://articulo.mercadolibre.com.ar/MLA-1000008"
"Colchón cannon 1.5 Plazas Resortes",720285,"Nuevo","cannon","https://articulo.mercadolibre.com.ar/MLA-1000009"
"Colchón Cannon Queen Espuma Alta Densidad - Oferta!",397097,"Nuevo","Cannon","https://articulo.mercadolibre.com.ar/MLA-1000010"
"Colchón Piero 2 Plazas Espuma Alta Densidad",454934,"Usado","Piero","https://articulo.mercadolibre.com.ar/MLA-1000011"
"Colchón Simmons 2 Plazas Espuma Alta Densidad",208154,"Nuevo","Simmons","https://articulo.mercadolibre.com.ar/MLA-1000012"
"Colchón Piero 2 Plazas Espuma Alta Densidad - Oferta!",710417,"Nuevo","Piero","https://articulo.mercadolibre.com.ar/MLA-1000013"
"Colchón cannon Queen Memory Foam",298491,"Nuevo","cannon","https://articulo.mercadolibre.com.ar/MLA-1000014"
"Colchón Simmons 1 Plaza Resortes",167814,"Usado","Simmons","https://articulo.mercadolibre.com.ar/MLA-1000015"
"Colchón PIERO 1.5 Plazas Resortes",254297,"Nuevo","PIERO","https://articulo.mercadolibre.com.ar/MLA-1000016"
"Colchón Simmons 2 Plazas Ortopédico",711590,"Nuevo","Simmons","https://articulo.mercadolibre.com.ar/MLA-1000017"
"Colchón Piero Queen Resortes",888476,"Nuevo","Piero","https://articulo.mercadolibre.com.ar/MLA-1000018"
"Colchón Simmons 1.5 Plazas Memory Foam - Oferta!",402590,"Nuevo","Simmons","https://articulo.mercadolibre.com.ar/MLA-1000019"
"Colchón cannon 1.5 Plazas Espuma Alta Densidad",717864,"Nuevo","cannon","https://articulo.mercadolibre.com.ar/MLA-1000020"
"Colchón La Cardeuse 1.5 Plazas Espuma Alta Densidad",639507,"Nuevo","La Cardeuse","https://articulo.mercadolibre.com.ar/MLA-1000021"
"Colchón Cannon 2 Plazas Memory Foam",216731,"Nuevo","Cannon","https://articulo.mercadolibre.com.ar/MLA-1000022"
"Colchón cannon 1 Plaza Memory Foam",717520,"Nuevo","cannon","https://articulo.mercadolibre.com.ar/MLA-1000023"
"Colchón Cannon 2 Plazas Memory Foam - Oferta!",864319,"Nuevo","Cannon","https://articulo.mercadolibre.com.ar/MLA-1000024"
"Colchón Piero King Resortes",222851,"Nuevo","Piero","https://articulo.mercadolibre.com.ar/MLA-1000025"
"Colchón Piero King Memory Foam",473924,"Nuevo","Piero","https://articulo.mercadolibre.com.ar/MLA-1000026"
"Colchón cannon 2 Plazas Ortopédico",806392,"Nuevo","cannon","https://articulo.mercadolibre.com.ar/MLA-1000027"
"Colchón cannon King Espuma Alta Densidad",525956,"Nuevo","cannon","https://articulo.mercadolibre.com.ar/MLA-1000028"
"Colchón PIERO 1.5 Plazas Espuma Alta Densidad",303003,"Usado","PIERO","https://articulo.mercadolibre.com.ar/MLA-1000029"
"Colchón Suavestar Queen Ortopédico",454251,"Nuevo","Suavestar","https://articulo.mercadolibre.com.ar/MLA-1000030"
"Colchón La Cardeuse 1 Plaza Memory Foam",603880,"Nuevo","La Cardeuse","https://articulo.mercadolibre.com.ar/MLA-1000031"
"Colchón Piero 1.5 Plazas Espuma Alta Densidad - Oferta!",457950,"Nuevo","Piero","https://articulo.mercadolibre.com.ar/MLA-1000032"
"Colchón Piero Queen Espuma Alta Densidad",636072,"Nuevo","Piero","https://articulo.mercadolibre.com.ar/MLA-1000033"
"Colchón Simmons Queen Resortes - Oferta!",290658,"Usado","Simmons","https://articulo.mercadolibre.com.ar/MLA-1000034"
"Colchón Simmons King Resortes",622371,"Nuevo","Simmons","https://articulo.mercadolibre.com.ar/MLA-1000035"
"Colchón Piero 1.5 Plazas Memory Foam",523144,"Nuevo","Piero","https://articulo.mercadolibre.com.ar/MLA-1000036"
"Colchón Cannon King Memory Foam",573507,"Nuevo","Cannon","https://articulo.mercadolibre.com.ar/MLA-1000037"
"Colchón Suavestar King Memory Foam - Oferta!",415354,"Nuevo","Suavestar","https://articulo.mercadolibre.com.ar/MLA-1000038"
"Colchón Cannon 2 Plazas Resortes - Oferta!",547423,"Nuevo","Cannon","https://articulo.mercadolibre.com.ar/MLA-1000039"
"Colchón Cannon 1.5 Plazas Resortes",614954,"Nuevo","Cannon","https://articulo.mercadolibre.com.ar/MLA-1000040"
"Colchón Piero King Ortopédico",448089,"Nuevo","Piero","https://articulo.mercadolibre.com.ar/MLA-1000041"
"Colchón La Cardeuse 1 Plaza Memory Foam",298223,"Nuevo","La Cardeuse","https://articulo.mercadolibre.com.ar/MLA-1000042"
"Colchón Suavestar 1.5 Plazas Ortopédico",245884,"Nuevo","Suavestar","https://articulo.mercadolibre.com.ar/MLA-1000043"
"Colchón La Cardeuse Queen Memory Foam",277247,"Nuevo","La Cardeuse","https://articulo.mercadolibre.com.ar/MLA-1000044"
"Colchón Cannon 2 Plazas Espuma Alta Densidad",249947,"Nuevo","Cannon","https://articulo.mercadolibre.com.ar/MLA-1000045"
"Colchón cannon Queen Memory Foam",548292,"Nuevo","cannon","https://articulo.mercadolibre.com.ar/MLA-1000046"
"Colchón Simmons 1 Plaza Resortes",830954,"Nuevo","Simmons","https://articulo.mercadolibre.com.ar/MLA-1000047"
"Colchón La Cardeuse King Memory Foam",162689,"Nuevo","La Cardeuse","https://articulo.mercadolibre.com.ar/MLA-1000048"
"Colchón Cannon 1.5 Plazas Ortopédico",837086,"Nuevo","Cannon","https://articulo.mercadolibre.com.ar/MLA-1000049"
"Colchón Suavestar 1 Plaza Resortes",777632,"Nuevo","Suavestar","https://articulo.mercadolibre.com.ar/MLA-1000050"
"Colchón Cannon 1.5 Plazas Espuma Alta Densidad",214372,"Usado","Cannon","https://articulo.mercadolibre.com.ar/MLA-1000051"
"Colchón La Cardeuse Queen Ortopédico",303336,"Nuevo","La Cardeuse","https://articulo.mercadolibre.com.ar/MLA-1000052"
"Colchón Simmons Queen Resortes",242587,"Nuevo","Simmons","https://articulo.mercadolibre.com.ar/MLA-1000053"
"Colchón PIERO Queen Memory Foam",453489,"Nuevo","PIERO","https://articulo.mercadolibre.com.ar/MLA-1000054"
"Colchón cannon 1 Plaza Espuma Alta Densidad - Oferta!",853448,"Nuevo","cannon","https://articulo.mercadolibre.com.ar/MLA-1000055"
"Colchón PIERO 2 Plazas Memory Foam",638604,"Nuevo","PIERO","https://articulo.mercadolibre.com.ar/MLA-1000056"
"Colchón Suavestar 1 Plaza Ortopédico",365662,"Nuevo","Suavestar","https://articulo.mercadolibre.com.ar/MLA-1000057"
"Colchón PIERO 2 Plazas Ortopédico",228400,"Nuevo","PIERO","https://articulo.mercadolibre.com.ar/MLA-1000058"
"Colchón Simmons 1 Plaza Espuma Alta Densidad - Oferta!",325470,"Nuevo","Simmons","https://articulo.mercadolibre.com.ar/MLA-1000059"
"Colchón Suavestar King Ortopédico",774229,"Nuevo","Suavestar","https://articulo.mercadolibre.com.ar/MLA-1000060"
"Colchón Piero Queen Espuma Alta Densidad",324069,"Nuevo","Piero","https://articulo.mercadolibre.com.ar/MLA-1000061"
"Colchón Piero 2 Plazas Memory Foam - Oferta!",317743,"Nuevo","Piero","https://articulo.mercadolibre.com.ar/MLA-1000062"
"Colchón PIERO 2 Plazas Resortes",665484,"Nuevo","PIERO","https://articulo.mercadolibre.com.ar/MLA-1000063"
"Colchón Cannon 1 Plaza Espuma Alta Densidad",357946,"Nuevo","Cannon","https://articulo.mercadolibre.com.ar/MLA-1000064"
"Colchón Simmons King Memory Foam",497605,"Nuevo","Simmons","https://articulo.mercadolibre.com.ar/MLA-1000065"
"Colchón cannon Queen Espuma Alta Densidad",180284,"Nuevo","cannon","https://articulo.mercadolibre.com.ar/MLA-1000066"
"Colchón Piero Queen Espuma Alta Densidad",309111,"Nuevo","Piero","https://articulo.mercadolibre.com.ar/MLA-1000067"
"Colchón cannon 1 Plaza Espuma Alta Densidad",898615,"Nuevo","cannon","https://articulo.mercadolibre.com.ar/MLA-1000068"
"Colchón Piero Queen Resortes",677483,"Nuevo","Piero","https://articulo.mercadolibre.com.ar/MLA-1000069"
"Colchón cannon 1.5 Plazas Resortes",545801,"Nuevo","cannon","https://articulo.mercadolibre.com.ar/MLA-1000070"
"Colchón cannon 1.5 Plazas Memory Foam - Oferta!",172534,"Nuevo","cannon","https://articulo.mercadolibre.com.ar/MLA-1000071"
"Colchón Suavestar Queen Espuma Alta Densidad",453712,"Nuevo","Suavestar","https://articulo.mercadolibre.com.ar/MLA-1000072"
"Colchón Piero 2 Plazas Resortes",779497,"Nuevo","Piero","https://articulo.mercadolibre.com.ar/MLA-1000073"
"Colchón cannon 2 Plazas Resortes",812352,"Nuevo","cannon","https://articulo.mercadolibre.com.ar/MLA-1000074"
"Colchón cannon 1.5 Plazas Memory Foam - Oferta!",495614,"Nuevo","cannon","https://articulo.mercadolibre.com.ar/MLA-1000075"
"Colchón cannon 1.5 Plazas Espuma Alta Densidad",567861,"Nuevo","cannon","https://articulo.mercadolibre.com.ar/MLA-1000076"
"Colchón Cannon 1 Plaza Memory Foam",579797,"Nuevo","Cannon","https://articulo.mercadolibre.com.ar/MLA-1000077"
"Colchón Cannon Queen Ortopédico",692481,"Nuevo","Cannon","https://articulo.mercadolibre.com.ar/MLA-1000078"
"Colchón Simmons 1.5 Plazas Memory Foam",735352,"Nuevo","Simmons","https://articulo.mercadolibre.com.ar/MLA-1000079"
"Colchón cannon Queen Memory Foam",264326,"Nuevo","cannon","https://articulo.mercadolibre.com.ar/MLA-1000080"
"Colchón La Cardeuse 1.5 Plazas Ortopédico",284994,"Nuevo","La Cardeuse","https://articulo.mercadolibre.com.ar/MLA-1000081"
"Colchón Cannon 1.5 Plazas Resortes",515560,"Nuevo","Cannon","https://articulo.mercadolibre.com.ar/MLA-1000082"
"Colchón Cannon 2 Plazas Resortes",529479,"Nuevo","Cannon","https://articulo.mercadolibre.com.ar/MLA-1000083"
"Colchón Piero 1.5 Plazas Espuma Alta Densidad",541307,"Nuevo","Piero","https://articulo.mercadolibre.com.ar/MLA-1000084"
"Colchón Piero 1 Plaza Ortopédico - Oferta!",208753,"Nuevo","Piero","https://articulo.mercadolibre.com.ar/MLA-1000085"
"Colchón Simmons 2 Plazas Ortopédico - Oferta!",360734,"Usado","Simmons","https://articulo.mercadolibre.com.ar/MLA-1000086"
"Colchón PIERO Queen Memory Foam - Oferta!",181253,"Usado","PIERO","https://articulo.mercadolibre.com.ar/MLA-1000087"
"Colchón Suavestar 2 Plazas Resortes",535580,"Nuevo","Suavestar","https://articulo.mercadolibre.com.ar/MLA-1000088"
"Colchón La Cardeuse 1 Plaza Espuma Alta Densidad",679157,"Nuevo","La Cardeuse","https://articulo.mercadolibre.com.ar/MLA-1000089"
"Colchón Simmons 1 Plaza Ortopédico",444899,"Nuevo","Simmons","https://articulo.mercadolibre.com.ar/MLA-1000090"
"Colchón La Cardeuse King Espuma Alta Densidad",760981,"Nuevo","La Cardeuse","https://articulo.mercadolibre.com.ar/MLA-1000091"
"Colchón Suavestar King Ortopédico - Oferta!",741346,"Usado","Suavestar","https://articulo.mercadolibre.com.ar/MLA-1000092"
"Colchón La Cardeuse Queen Espuma Alta Densidad - Oferta!",692063,"Nuevo","La Cardeuse","https://articulo.mercadolibre.com.ar/MLA-1000093"
"Colchón Suavestar Queen Resortes",614330,"Nuevo","Suavestar","https://articulo.mercadolibre.com.ar/MLA-1000094"
"Colchón Simmons 2 Plazas Resortes - Oferta!",769044,"Nuevo","Simmons","https://articulo.mercadolibre.com.ar/MLA-1000095"
"Colchón PIERO Queen Resortes",515040,"Nuevo","PIERO","https://articulo.mercadolibre.com.ar/MLA-1000096"
"Colchón La Cardeuse 1 Plaza Ortopédico - Oferta!",630849,"Nuevo","La Cardeuse","https://articulo.mercadolibre.com.ar/MLA-1000097"
"Colchón Suavestar King Memory Foam",692469,"Nuevo","Suavestar","https://articulo.mercadolibre.com.ar/MLA-1000098"
"Colchón Simmons 2 Plazas Resortes",431531,"Nuevo","Simmons","https://articulo.mercadolibre.com.ar/MLA-1000099"
"Colchón La Cardeuse Queen Espuma Alta Densidad",487555,"Nuevo","La Cardeuse","https://articulo.mercadolibre.com.ar/MLA-1000100"